old_url,candidate_status,candidate_indexability,candidate_canonical,current_action,search_clicks,search_impressions,organic_leads,approved_decision,decision_owner
"https://www.ozicashforcars.com.au/","200","indexable","https://www.ozicashforcars.com.au/","Retain authored indexable page","","","","",""
"https://www.ozicashforcars.com.au/about-us/","200","indexable","https://www.ozicashforcars.com.au/about-us/","Retain authored indexable page","","","","",""
"https://www.ozicashforcars.com.au/blog/","200","indexable","https://www.ozicashforcars.com.au/blog/","Retain authored indexable page","","","","",""
"https://www.ozicashforcars.com.au/blog/a-guide-to-understanding-cash-for-cars-brisbane/","200","indexable","https://www.ozicashforcars.com.au/blog/a-guide-to-understanding-cash-for-cars-brisbane/","Retain authored indexable page","","","","",""
"https://www.ozicashforcars.com.au/blog/how-to-get-cash-for-cars-in-brisbane-qld/","200","indexable","https://www.ozicashforcars.com.au/blog/how-to-get-cash-for-cars-in-brisbane-qld/","Retain authored indexable page","","","","",""
"https://www.ozicashforcars.com.au/blog/sell-your-car-fast-and-easy-in-brisbane/","200","indexable","https://www.ozicashforcars.com.au/blog/sell-your-car-fast-and-easy-in-brisbane/","Retain authored indexable page","","","","",""
"https://www.ozicashforcars.com.au/blog/selling-your-car-without-a-roadworthy-certificate/","200","indexable","https://www.ozicashforcars.com.au/blog/selling-your-car-without-a-roadworthy-certificate/","Retain authored indexable page","","","","",""
"https://www.ozicashforcars.com.au/brisbane-eastern-suburbs/cash-for-cars-balmoral/","200","noindex","https://www.ozicashforcars.com.au/cash-for-cars-brisbane-eastern-suburbs/","Existing suburb exclusion; review Search Console evidence before changing","","","","",""
"https://www.ozicashforcars.com.au/brisbane-eastern-suburbs/cash-for-cars-belmont/","200","noindex","https://www.ozicashforcars.com.au/cash-for-cars-brisbane-eastern-suburbs/","Existing suburb exclusion; review Search Console evidence before changing","","","","",""
"https://www.ozicashforcars.com.au/brisbane-eastern-suburbs/cash-for-cars-bulimba/","200","noindex","https://www.ozicashforcars.com.au/cash-for-cars-brisbane-eastern-suburbs/","Existing suburb exclusion; review Search Console evidence before changing","","","","",""
"https://www.ozicashforcars.com.au/brisbane-eastern-suburbs/cash-for-cars-camp-hill/","200","noindex","https://www.ozicashforcars.com.au/cash-for-cars-brisbane-eastern-suburbs/","Existing suburb exclusion; review Search Console evidence before changing","","","","",""
"https://www.ozicashforcars.com.au/brisbane-eastern-suburbs/cash-for-cars-cannon-hill/","200","noindex","https://www.ozicashforcars.com.au/cash-for-cars-brisbane-eastern-suburbs/","Existing suburb exclusion; review Search Console evidence before changing","","","","",""
"https://www.ozicashforcars.com.au/brisbane-eastern-suburbs/cash-for-cars-carina-heights/","200","noindex","https://www.ozicashforcars.com.au/cash-for-cars-brisbane-eastern-suburbs/","Existing suburb exclusion; review Search Console evidence before changing","","","","",""
"https://www.ozicashforcars.com.au/brisbane-eastern-suburbs/cash-for-cars-carina/","200","noindex","https://www.ozicashforcars.com.au/cash-for-cars-brisbane-eastern-suburbs/","Existing suburb exclusion; review Search Console evidence before changing","","","","",""
"https://www.ozicashforcars.com.au/brisbane-eastern-suburbs/cash-for-cars-carindale/","200","noindex","https://www.ozicashforcars.com.au/cash-for-cars-brisbane-eastern-suburbs/","Existing suburb exclusion; review Search Console evidence before changing","","","","",""
"https://www.ozicashforcars.com.au/brisbane-eastern-suburbs/cash-for-cars-chandler/","200","noindex","https://www.ozicashforcars.com.au/cash-for-cars-brisbane-eastern-suburbs/","Existing suburb exclusion; review Search Console evidence before changing","","","","",""
"https://www.ozicashforcars.com.au/brisbane-eastern-suburbs/cash-for-cars-coorparoo/","200","noindex","https://www.ozicashforcars.com.au/cash-for-cars-brisbane-eastern-suburbs/","Existing suburb exclusion; review Search Console evidence before changing","","","","",""
"https://www.ozicashforcars.com.au/brisbane-eastern-suburbs/cash-for-cars-gumdale/","200","noindex","https://www.ozicashforcars.com.au/cash-for-cars-brisbane-eastern-suburbs/","Existing suburb exclusion; review Search Console evidence before changing","","","","",""
"https://www.ozicashforcars.com.au/brisbane-eastern-suburbs/cash-for-cars-hawthorne/","200","noindex","https://www.ozicashforcars.com.au/cash-for-cars-brisbane-eastern-suburbs/","Existing suburb exclusion; review Search Console evidence before changing","","","","",""
"https://www.ozicashforcars.com.au/brisbane-eastern-suburbs/cash-for-cars-hemmant/","200","noindex","https://www.ozicashforcars.com.au/cash-for-cars-brisbane-eastern-suburbs/","Existing suburb exclusion; review Search Console evidence before changing","","","","",""
"https://www.ozicashforcars.com.au/brisbane-eastern-suburbs/cash-for-cars-lota/","200","noindex","https://www.ozicashforcars.com.au/cash-for-cars-brisbane-eastern-suburbs/","Existing suburb exclusion; review Search Console evidence before changing","","","","",""
"https://www.ozicashforcars.com.au/brisbane-eastern-suburbs/cash-for-cars-lytton/","200","noindex","https://www.ozicashforcars.com.au/cash-for-cars-brisbane-eastern-suburbs/","Existing suburb exclusion; review Search Console evidence before changing","","","","",""
"https://www.ozicashforcars.com.au/brisbane-eastern-suburbs/cash-for-cars-manly-west/","200","noindex","https://www.ozicashforcars.com.au/cash-for-cars-brisbane-eastern-suburbs/","Existing suburb exclusion; review Search Console evidence before changing","","","","",""
"https://www.ozicashforcars.com.au/brisbane-eastern-suburbs/cash-for-cars-manly/","200","noindex","https://www.ozicashforcars.com.au/cash-for-cars-brisbane-eastern-suburbs/","Existing suburb exclusion; review Search Console evidence before changing","","","","",""
"https://www.ozicashforcars.com.au/brisbane-eastern-suburbs/cash-for-cars-moreton-island/","200","noindex","https://www.ozicashforcars.com.au/cash-for-cars-brisbane-eastern-suburbs/","Existing suburb exclusion; review Search Console evidence before changing","","","","",""
"https://www.ozicashforcars.com.au/brisbane-eastern-suburbs/cash-for-cars-morning-side/","200","noindex","https://www.ozicashforcars.com.au/cash-for-cars-brisbane-eastern-suburbs/","Existing suburb exclusion; review Search Console evidence before changing","","","","",""
"https://www.ozicashforcars.com.au/brisbane-eastern-suburbs/cash-for-cars-murarrie/","200","noindex","https://www.ozicashforcars.com.au/cash-for-cars-brisbane-eastern-suburbs/","Existing suburb exclusion; review Search Console evidence before changing","","","","",""
"https://www.ozicashforcars.com.au/brisbane-eastern-suburbs/cash-for-cars-norman-park/","200","noindex","https://www.ozicashforcars.com.au/cash-for-cars-brisbane-eastern-suburbs/","Existing suburb exclusion; review Search Console evidence before changing","","","","",""
"https://www.ozicashforcars.com.au/brisbane-eastern-suburbs/cash-for-cars-port-of-brisbane/","200","noindex","https://www.ozicashforcars.com.au/cash-for-cars-brisbane-eastern-suburbs/","Existing suburb exclusion; review Search Console evidence before changing","","","","",""
"https://www.ozicashforcars.com.au/brisbane-eastern-suburbs/cash-for-cars-ransome/","200","noindex","https://www.ozicashforcars.com.au/cash-for-cars-brisbane-eastern-suburbs/","Existing suburb exclusion; review Search Console evidence before changing","","","","",""
"https://www.ozicashforcars.com.au/brisbane-eastern-suburbs/cash-for-cars-seven-hills/","200","noindex","https://www.ozicashforcars.com.au/cash-for-cars-brisbane-eastern-suburbs/","Existing suburb exclusion; review Search Console evidence before changing","","","","",""
"https://www.ozicashforcars.com.au/brisbane-eastern-suburbs/cash-for-cars-wakerley/","200","noindex","https://www.ozicashforcars.com.au/cash-for-cars-brisbane-eastern-suburbs/","Existing suburb exclusion; review Search Console evidence before changing","","","","",""
"https://www.ozicashforcars.com.au/brisbane-eastern-suburbs/cash-for-cars-wynnum-west/","200","noindex","https://www.ozicashforcars.com.au/cash-for-cars-brisbane-eastern-suburbs/","Existing suburb exclusion; review Search Console evidence before changing","","","","",""
"https://www.ozicashforcars.com.au/brisbane-eastern-suburbs/cash-for-cars-wynnum/","200","noindex","https://www.ozicashforcars.com.au/cash-for-cars-brisbane-eastern-suburbs/","Existing suburb exclusion; review Search Console evidence before changing","","","","",""
"https://www.ozicashforcars.com.au/brisbane-northern-suburbs/cash-for-cars-albion/","200","noindex","https://www.ozicashforcars.com.au/cash-for-cars-brisbane-northern-suburbs/","Existing suburb exclusion; review Search Console evidence before changing","","","","",""
"https://www.ozicashforcars.com.au/brisbane-northern-suburbs/cash-for-cars-alderley/","200","noindex","https://www.ozicashforcars.com.au/cash-for-cars-brisbane-northern-suburbs/","Existing suburb exclusion; review Search Console evidence before changing","","","","",""
"https://www.ozicashforcars.com.au/brisbane-northern-suburbs/cash-for-cars-ascot/","200","noindex","https://www.ozicashforcars.com.au/cash-for-cars-brisbane-northern-suburbs/","Existing suburb exclusion; review Search Console evidence before changing","","","","",""
"https://www.ozicashforcars.com.au/brisbane-northern-suburbs/cash-for-cars-aspley/","200","noindex","https://www.ozicashforcars.com.au/cash-for-cars-brisbane-northern-suburbs/","Existing suburb exclusion; review Search Console evidence before changing","","","","",""
"https://www.ozicashforcars.com.au/brisbane-northern-suburbs/cash-for-cars-bald-hills/","200","noindex","https://www.ozicashforcars.com.au/cash-for-cars-brisbane-northern-suburbs/","Existing suburb exclusion; review Search Console evidence before changing","","","","",""
"https://www.ozicashforcars.com.au/brisbane-northern-suburbs/cash-for-cars-banyo/","200","noindex","https://www.ozicashforcars.com.au/cash-for-cars-brisbane-northern-suburbs/","Existing suburb exclusion; review Search Console evidence before changing","","","","",""
"https://www.ozicashforcars.com.au/brisbane-northern-suburbs/cash-for-cars-boondall/","200","noindex","https://www.ozicashforcars.com.au/cash-for-cars-brisbane-northern-suburbs/","Existing suburb exclusion; review Search Console evidence before changing","","","","",""
"https://www.ozicashforcars.com.au/brisbane-northern-suburbs/cash-for-cars-bracken-ridge/","200","noindex","https://www.ozicashforcars.com.au/cash-for-cars-brisbane-northern-suburbs/","Existing suburb exclusion; review Search Console evidence before changing","","","","",""
"https://www.ozicashforcars.com.au/brisbane-northern-suburbs/cash-for-cars-bridgeman-downs/","200","noindex","https://www.ozicashforcars.com.au/cash-for-cars-brisbane-northern-suburbs/","Existing suburb exclusion; review Search Console evidence before changing","","","","",""
"https://www.ozicashforcars.com.au/brisbane-northern-suburbs/cash-for-cars-brighton/","200","noindex","https://www.ozicashforcars.com.au/cash-for-cars-brisbane-northern-suburbs/","Existing suburb exclusion; review Search Console evidence before changing","","","","",""
"https://www.ozicashforcars.com.au/brisbane-northern-suburbs/cash-for-cars-brisbane-airport/","200","noindex","https://www.ozicashforcars.com.au/cash-for-cars-brisbane-northern-suburbs/","Existing suburb exclusion; review Search Console evidence before changing","","","","",""
"https://www.ozicashforcars.com.au/brisbane-northern-suburbs/cash-for-cars-carseldine/","200","noindex","https://www.ozicashforcars.com.au/cash-for-cars-brisbane-northern-suburbs/","Existing suburb exclusion; review Search Console evidence before changing","","","","",""
"https://www.ozicashforcars.com.au/brisbane-northern-suburbs/cash-for-cars-chermside-west/","200","noindex","https://www.ozicashforcars.com.au/cash-for-cars-brisbane-northern-suburbs/","Existing suburb exclusion; review Search Console evidence before changing","","","","",""
"https://www.ozicashforcars.com.au/brisbane-northern-suburbs/cash-for-cars-chermside/","200","noindex","https://www.ozicashforcars.com.au/cash-for-cars-brisbane-northern-suburbs/","Existing suburb exclusion; review Search Console evidence before changing","","","","",""
"https://www.ozicashforcars.com.au/brisbane-northern-suburbs/cash-for-cars-clayfield/","200","noindex","https://www.ozicashforcars.com.au/cash-for-cars-brisbane-northern-suburbs/","Existing suburb exclusion; review Search Console evidence before changing","","","","",""
"https://www.ozicashforcars.com.au/brisbane-northern-suburbs/cash-for-cars-deagon/","200","noindex","https://www.ozicashforcars.com.au/cash-for-cars-brisbane-northern-suburbs/","Existing suburb exclusion; review Search Console evidence before changing","","","","",""
"https://www.ozicashforcars.com.au/brisbane-northern-suburbs/cash-for-cars-eagle-farm/","200","noindex","https://www.ozicashforcars.com.au/cash-for-cars-brisbane-northern-suburbs/","Existing suburb exclusion; review Search Console evidence before changing","","","","",""
"https://www.ozicashforcars.com.au/brisbane-northern-suburbs/cash-for-cars-everton-park/","200","noindex","https://www.ozicashforcars.com.au/cash-for-cars-brisbane-northern-suburbs/","Existing suburb exclusion; review Search Console evidence before changing","","","","",""
"https://www.ozicashforcars.com.au/brisbane-northern-suburbs/cash-for-cars-fitzgibbon/","200","noindex","https://www.ozicashforcars.com.au/cash-for-cars-brisbane-northern-suburbs/","Existing suburb exclusion; review Search Console evidence before changing","","","","",""
"https://www.ozicashforcars.com.au/brisbane-northern-suburbs/cash-for-cars-gaythorne/","200","noindex","https://www.ozicashforcars.com.au/cash-for-cars-brisbane-northern-suburbs/","Existing suburb exclusion; review Search Console evidence before changing","","","","",""
"https://www.ozicashforcars.com.au/brisbane-northern-suburbs/cash-for-cars-geebung/","200","noindex","https://www.ozicashforcars.com.au/cash-for-cars-brisbane-northern-suburbs/","Existing suburb exclusion; review Search Console evidence before changing","","","","",""
"https://www.ozicashforcars.com.au/brisbane-northern-suburbs/cash-for-cars-gordon-park/","200","noindex","https://www.ozicashforcars.com.au/cash-for-cars-brisbane-northern-suburbs/","Existing suburb exclusion; review Search Console evidence before changing","","","","",""
"https://www.ozicashforcars.com.au/brisbane-northern-suburbs/cash-for-cars-grange/","200","noindex","https://www.ozicashforcars.com.au/cash-for-cars-brisbane-northern-suburbs/","Existing suburb exclusion; review Search Console evidence before changing","","","","",""
"https://www.ozicashforcars.com.au/brisbane-northern-suburbs/cash-for-cars-hamilton/","200","noindex","https://www.ozicashforcars.com.au/cash-for-cars-brisbane-northern-suburbs/","Existing suburb exclusion; review Search Console evidence before changing","","","","",""
"https://www.ozicashforcars.com.au/brisbane-northern-suburbs/cash-for-cars-hendra/","200","noindex","https://www.ozicashforcars.com.au/cash-for-cars-brisbane-northern-suburbs/","Existing suburb exclusion; review Search Console evidence before changing","","","","",""
"https://www.ozicashforcars.com.au/brisbane-northern-suburbs/cash-for-cars-kedron/","200","noindex","https://www.ozicashforcars.com.au/cash-for-cars-brisbane-northern-suburbs/","Existing suburb exclusion; review Search Console evidence before changing","","","","",""
"https://www.ozicashforcars.com.au/brisbane-northern-suburbs/cash-for-cars-keperra/","200","noindex","https://www.ozicashforcars.com.au/cash-for-cars-brisbane-northern-suburbs/","Existing suburb exclusion; review Search Console evidence before changing","","","","",""
"https://www.ozicashforcars.com.au/brisbane-northern-suburbs/cash-for-cars-lutwyche/","200","noindex","https://www.ozicashforcars.com.au/cash-for-cars-brisbane-northern-suburbs/","Existing suburb exclusion; review Search Console evidence before changing","","","","",""
"https://www.ozicashforcars.com.au/brisbane-northern-suburbs/cash-for-cars-mcdowall/","200","noindex","https://www.ozicashforcars.com.au/cash-for-cars-brisbane-northern-suburbs/","Existing suburb exclusion; review Search Console evidence before changing","","","","",""
"https://www.ozicashforcars.com.au/brisbane-northern-suburbs/cash-for-cars-mitchelton/","200","noindex","https://www.ozicashforcars.com.au/cash-for-cars-brisbane-northern-suburbs/","Existing suburb exclusion; review Search Console evidence before changing","","","","",""
"https://www.ozicashforcars.com.au/brisbane-northern-suburbs/cash-for-cars-myrtletown/","200","noindex","https://www.ozicashforcars.com.au/cash-for-cars-brisbane-northern-suburbs/","Existing suburb exclusion; review Search Console evidence before changing","","","","",""
"https://www.ozicashforcars.com.au/brisbane-northern-suburbs/cash-for-cars-newmarket/","200","noindex","https://www.ozicashforcars.com.au/cash-for-cars-brisbane-northern-suburbs/","Existing suburb exclusion; review Search Console evidence before changing","","","","",""
"https://www.ozicashforcars.com.au/brisbane-northern-suburbs/cash-for-cars-northgate/","200","noindex","https://www.ozicashforcars.com.au/cash-for-cars-brisbane-northern-suburbs/","Existing suburb exclusion; review Search Console evidence before changing","","","","",""
"https://www.ozicashforcars.com.au/brisbane-northern-suburbs/cash-for-cars-nudgee-beach/","200","noindex","https://www.ozicashforcars.com.au/cash-for-cars-brisbane-northern-suburbs/","Existing suburb exclusion; review Search Console evidence before changing","","","","",""
"https://www.ozicashforcars.com.au/brisbane-northern-suburbs/cash-for-cars-nudgee/","200","noindex","https://www.ozicashforcars.com.au/cash-for-cars-brisbane-northern-suburbs/","Existing suburb exclusion; review Search Console evidence before changing","","","","",""
"https://www.ozicashforcars.com.au/brisbane-northern-suburbs/cash-for-cars-nundah/","200","noindex","https://www.ozicashforcars.com.au/cash-for-cars-brisbane-northern-suburbs/","Existing suburb exclusion; review Search Console evidence before changing","","","","",""
"https://www.ozicashforcars.com.au/brisbane-northern-suburbs/cash-for-cars-pinkenba/","200","noindex","https://www.ozicashforcars.com.au/cash-for-cars-brisbane-northern-suburbs/","Existing suburb exclusion; review Search Console evidence before changing","","","","",""
"https://www.ozicashforcars.com.au/brisbane-northern-suburbs/cash-for-cars-sandgate/","200","noindex","https://www.ozicashforcars.com.au/cash-for-cars-brisbane-northern-suburbs/","Existing suburb exclusion; review Search Console evidence before changing","","","","",""
"https://www.ozicashforcars.com.au/brisbane-northern-suburbs/cash-for-cars-shorncliffe/","200","noindex","https://www.ozicashforcars.com.au/cash-for-cars-brisbane-northern-suburbs/","Existing suburb exclusion; review Search Console evidence before changing","","","","",""
"https://www.ozicashforcars.com.au/brisbane-northern-suburbs/cash-for-cars-stafford-heights/","200","noindex","https://www.ozicashforcars.com.au/cash-for-cars-brisbane-northern-suburbs/","Existing suburb exclusion; review Search Console evidence before changing","","","","",""
"https://www.ozicashforcars.com.au/brisbane-northern-suburbs/cash-for-cars-stafford/","200","noindex","https://www.ozicashforcars.com.au/cash-for-cars-brisbane-northern-suburbs/","Existing suburb exclusion; review Search Console evidence before changing","","","","",""
"https://www.ozicashforcars.com.au/brisbane-northern-suburbs/cash-for-cars-taigum/","200","noindex","https://www.ozicashforcars.com.au/cash-for-cars-brisbane-northern-suburbs/","Existing suburb exclusion; review Search Console evidence before changing","","","","",""
"https://www.ozicashforcars.com.au/brisbane-northern-suburbs/cash-for-cars-virginia/","200","noindex","https://www.ozicashforcars.com.au/cash-for-cars-brisbane-northern-suburbs/","Existing suburb exclusion; review Search Console evidence before changing","","","","",""
"https://www.ozicashforcars.com.au/brisbane-northern-suburbs/cash-for-cars-wavell-heights/","200","noindex","https://www.ozicashforcars.com.au/cash-for-cars-brisbane-northern-suburbs/","Existing suburb exclusion; review Search Console evidence before changing","","","","",""
"https://www.ozicashforcars.com.au/brisbane-northern-suburbs/cash-for-cars-zillmere/","200","noindex","https://www.ozicashforcars.com.au/cash-for-cars-brisbane-northern-suburbs/","Existing suburb exclusion; review Search Console evidence before changing","","","","",""
"https://www.ozicashforcars.com.au/brisbane-southern-suburbs/cash-for-cars-acacia-ridge/","200","noindex","https://www.ozicashforcars.com.au/cash-for-cars-brisbane-southern-suburbs/","Existing suburb exclusion; review Search Console evidence before changing","","","","",""
"https://www.ozicashforcars.com.au/brisbane-southern-suburbs/cash-for-cars-algester/","200","noindex","https://www.ozicashforcars.com.au/cash-for-cars-brisbane-southern-suburbs/","Existing suburb exclusion; review Search Console evidence before changing","","","","",""
"https://www.ozicashforcars.com.au/brisbane-southern-suburbs/cash-for-cars-annerley/","200","noindex","https://www.ozicashforcars.com.au/cash-for-cars-brisbane-southern-suburbs/","Existing suburb exclusion; review Search Console evidence before changing","","","","",""
"https://www.ozicashforcars.com.au/brisbane-southern-suburbs/cash-for-cars-archerfield/","200","noindex","https://www.ozicashforcars.com.au/cash-for-cars-brisbane-southern-suburbs/","Existing suburb exclusion; review Search Console evidence before changing","","","","",""
"https://www.ozicashforcars.com.au/brisbane-southern-suburbs/cash-for-cars-burbank/","200","noindex","https://www.ozicashforcars.com.au/cash-for-cars-brisbane-southern-suburbs/","Existing suburb exclusion; review Search Console evidence before changing","","","","",""
"https://www.ozicashforcars.com.au/brisbane-southern-suburbs/cash-for-cars-calamvale/","200","noindex","https://www.ozicashforcars.com.au/cash-for-cars-brisbane-southern-suburbs/","Existing suburb exclusion; review Search Console evidence before changing","","","","",""
"https://www.ozicashforcars.com.au/brisbane-southern-suburbs/cash-for-cars-carole-park/","200","noindex","https://www.ozicashforcars.com.au/cash-for-cars-brisbane-southern-suburbs/","Existing suburb exclusion; review Search Console evidence before changing","","","","",""
"https://www.ozicashforcars.com.au/brisbane-southern-suburbs/cash-for-cars-coopers-plains/","200","noindex","https://www.ozicashforcars.com.au/cash-for-cars-brisbane-southern-suburbs/","Existing suburb exclusion; review Search Console evidence before changing","","","","",""
"https://www.ozicashforcars.com.au/brisbane-southern-suburbs/cash-for-cars-darra/","200","noindex","https://www.ozicashforcars.com.au/cash-for-cars-brisbane-southern-suburbs/","Existing suburb exclusion; review Search Console evidence before changing","","","","",""
"https://www.ozicashforcars.com.au/brisbane-southern-suburbs/cash-for-cars-doolandella/","200","noindex","https://www.ozicashforcars.com.au/cash-for-cars-brisbane-southern-suburbs/","Existing suburb exclusion; review Search Console evidence before changing","","","","",""
"https://www.ozicashforcars.com.au/brisbane-southern-suburbs/cash-for-cars-drewvale/","200","noindex","https://www.ozicashforcars.com.au/cash-for-cars-brisbane-southern-suburbs/","Existing suburb exclusion; review Search Console evidence before changing","","","","",""
"https://www.ozicashforcars.com.au/brisbane-southern-suburbs/cash-for-cars-durack/","200","noindex","https://www.ozicashforcars.com.au/cash-for-cars-brisbane-southern-suburbs/","Existing suburb exclusion; review Search Console evidence before changing","","","","",""
"https://www.ozicashforcars.com.au/brisbane-southern-suburbs/cash-for-cars-dutton-park/","200","noindex","https://www.ozicashforcars.com.au/cash-for-cars-brisbane-southern-suburbs/","Existing suburb exclusion; review Search Console evidence before changing","","","","",""
"https://www.ozicashforcars.com.au/brisbane-southern-suburbs/cash-for-cars-eight-mile-plains/","200","noindex","https://www.ozicashforcars.com.au/cash-for-cars-brisbane-southern-suburbs/","Existing suburb exclusion; review Search Console evidence before changing","","","","",""
"https://www.ozicashforcars.com.au/brisbane-southern-suburbs/cash-for-cars-ellen-grove/","200","noindex","https://www.ozicashforcars.com.au/cash-for-cars-brisbane-southern-suburbs/","Existing suburb exclusion; review Search Console evidence before changing","","","","",""
"https://www.ozicashforcars.com.au/brisbane-southern-suburbs/cash-for-cars-fairfield/","200","noindex","https://www.ozicashforcars.com.au/cash-for-cars-brisbane-southern-suburbs/","Existing suburb exclusion; review Search Console evidence before changing","","","","",""
"https://www.ozicashforcars.com.au/brisbane-southern-suburbs/cash-for-cars-forest-lake/","200","noindex","https://www.ozicashforcars.com.au/cash-for-cars-brisbane-southern-suburbs/","Existing suburb exclusion; review Search Console evidence before changing","","","","",""
"https://www.ozicashforcars.com.au/brisbane-southern-suburbs/cash-for-cars-greenslopes/","200","noindex","https://www.ozicashforcars.com.au/cash-for-cars-brisbane-southern-suburbs/","Existing suburb exclusion; review Search Console evidence before changing","","","","",""
"https://www.ozicashforcars.com.au/brisbane-southern-suburbs/cash-for-cars-heathwood/","200","noindex","https://www.ozicashforcars.com.au/cash-for-cars-brisbane-southern-suburbs/","Existing suburb exclusion; review Search Console evidence before changing","","","","",""
"https://www.ozicashforcars.com.au/brisbane-southern-suburbs/cash-for-cars-holland-park-west/","200","noindex","https://www.ozicashforcars.com.au/cash-for-cars-brisbane-southern-suburbs/","Existing suburb exclusion; review Search Console evidence before changing","","","","",""
"https://www.ozicashforcars.com.au/brisbane-southern-suburbs/cash-for-cars-holland-park/","200","noindex","https://www.ozicashforcars.com.au/cash-for-cars-brisbane-southern-suburbs/","Existing suburb exclusion; review Search Console evidence before changing","","","","",""
"https://www.ozicashforcars.com.au/brisbane-southern-suburbs/cash-for-cars-inala/","200","noindex","https://www.ozicashforcars.com.au/cash-for-cars-brisbane-southern-suburbs/","Existing suburb exclusion; review Search Console evidence before changing","","","","",""
"https://www.ozicashforcars.com.au/brisbane-southern-suburbs/cash-for-cars-karawatha/","200","noindex","https://www.ozicashforcars.com.au/cash-for-cars-brisbane-southern-suburbs/","Existing suburb exclusion; review Search Console evidence before changing","","","","",""
"https://www.ozicashforcars.com.au/brisbane-southern-suburbs/cash-for-cars-kuraby/","200","noindex","https://www.ozicashforcars.com.au/cash-for-cars-brisbane-southern-suburbs/","Existing suburb exclusion; review Search Console evidence before changing","","","","",""
"https://www.ozicashforcars.com.au/brisbane-southern-suburbs/cash-for-cars-larapinta/","200","noindex","https://www.ozicashforcars.com.au/cash-for-cars-brisbane-southern-suburbs/","Existing suburb exclusion; review Search Console evidence before changing","","","","",""
"https://www.ozicashforcars.com.au/brisbane-southern-suburbs/cash-for-cars-macgregor/","200","noindex","https://www.ozicashforcars.com.au/cash-for-cars-brisbane-southern-suburbs/","Existing suburb exclusion; review Search Console evidence before changing","","","","",""
"https://www.ozicashforcars.com.au/brisbane-southern-suburbs/cash-for-cars-mackenzie/","200","noindex","https://www.ozicashforcars.com.au/cash-for-cars-brisbane-southern-suburbs/","Existing suburb exclusion; review Search Console evidence before changing","","","","",""
"https://www.ozicashforcars.com.au/brisbane-southern-suburbs/cash-for-cars-mansfield/","200","noindex","https://www.ozicashforcars.com.au/cash-for-cars-brisbane-southern-suburbs/","Existing suburb exclusion; review Search Console evidence before changing","","","","",""
"https://www.ozicashforcars.com.au/brisbane-southern-suburbs/cash-for-cars-moorooka/","200","noindex","https://www.ozicashforcars.com.au/cash-for-cars-brisbane-southern-suburbs/","Existing suburb exclusion; review Search Console evidence before changing","","","","",""
"https://www.ozicashforcars.com.au/brisbane-southern-suburbs/cash-for-cars-mount-gravatt-east/","200","noindex","https://www.ozicashforcars.com.au/cash-for-cars-brisbane-southern-suburbs/","Existing suburb exclusion; review Search Console evidence before changing","","","","",""
"https://www.ozicashforcars.com.au/brisbane-southern-suburbs/cash-for-cars-mount-gravatt/","200","noindex","https://www.ozicashforcars.com.au/cash-for-cars-brisbane-southern-suburbs/","Existing suburb exclusion; review Search Console evidence before changing","","","","",""
"https://www.ozicashforcars.com.au/brisbane-southern-suburbs/cash-for-cars-natham/","200","noindex","https://www.ozicashforcars.com.au/cash-for-cars-brisbane-southern-suburbs/","Existing suburb exclusion; review Search Console evidence before changing","","","","",""
"https://www.ozicashforcars.com.au/brisbane-southern-suburbs/cash-for-cars-pallara/","200","noindex","https://www.ozicashforcars.com.au/cash-for-cars-brisbane-southern-suburbs/","Existing suburb exclusion; review Search Console evidence before changing","","","","",""
"https://www.ozicashforcars.com.au/brisbane-southern-suburbs/cash-for-cars-parkinson/","200","noindex","https://www.ozicashforcars.com.au/cash-for-cars-brisbane-southern-suburbs/","Existing suburb exclusion; review Search Console evidence before changing","","","","",""
"https://www.ozicashforcars.com.au/brisbane-southern-suburbs/cash-for-cars-richlands/","200","noindex","https://www.ozicashforcars.com.au/cash-for-cars-brisbane-southern-suburbs/","Existing suburb exclusion; review Search Console evidence before changing","","","","",""
"https://www.ozicashforcars.com.au/brisbane-southern-suburbs/cash-for-cars-robertson/","200","noindex","https://www.ozicashforcars.com.au/cash-for-cars-brisbane-southern-suburbs/","Existing suburb exclusion; review Search Console evidence before changing","","","","",""
"https://www.ozicashforcars.com.au/brisbane-southern-suburbs/cash-for-cars-rochedale/","200","noindex","https://www.ozicashforcars.com.au/cash-for-cars-brisbane-southern-suburbs/","Existing suburb exclusion; review Search Console evidence before changing","","","","",""
"https://www.ozicashforcars.com.au/brisbane-southern-suburbs/cash-for-cars-rocklea/","200","noindex","https://www.ozicashforcars.com.au/cash-for-cars-brisbane-southern-suburbs/","Existing suburb exclusion; review Search Console evidence before changing","","","","",""
"https://www.ozicashforcars.com.au/brisbane-southern-suburbs/cash-for-cars-runcorn/","200","noindex","https://www.ozicashforcars.com.au/cash-for-cars-brisbane-southern-suburbs/","Existing suburb exclusion; review Search Console evidence before changing","","","","",""
"https://www.ozicashforcars.com.au/brisbane-southern-suburbs/cash-for-cars-salisbury/","200","noindex","https://www.ozicashforcars.com.au/cash-for-cars-brisbane-southern-suburbs/","Existing suburb exclusion; review Search Console evidence before changing","","","","",""
"https://www.ozicashforcars.com.au/brisbane-southern-suburbs/cash-for-cars-sinnamon-park/","200","noindex","https://www.ozicashforcars.com.au/cash-for-cars-brisbane-southern-suburbs/","Existing suburb exclusion; review Search Console evidence before changing","","","","",""
"https://www.ozicashforcars.com.au/brisbane-southern-suburbs/cash-for-cars-stretton/","200","noindex","https://www.ozicashforcars.com.au/cash-for-cars-brisbane-southern-suburbs/","Existing suburb exclusion; review Search Console evidence before changing","","","","",""
"https://www.ozicashforcars.com.au/brisbane-southern-suburbs/cash-for-cars-sumner/","200","noindex","https://www.ozicashforcars.com.au/cash-for-cars-brisbane-southern-suburbs/","Existing suburb exclusion; review Search Console evidence before changing","","","","",""
"https://www.ozicashforcars.com.au/brisbane-southern-suburbs/cash-for-cars-sunnybank-hills/","200","noindex","https://www.ozicashforcars.com.au/cash-for-cars-brisbane-southern-suburbs/","Existing suburb exclusion; review Search Console evidence before changing","","","","",""
"https://www.ozicashforcars.com.au/brisbane-southern-suburbs/cash-for-cars-sunnybank/","200","noindex","https://www.ozicashforcars.com.au/cash-for-cars-brisbane-southern-suburbs/","Existing suburb exclusion; review Search Console evidence before changing","","","","",""
"https://www.ozicashforcars.com.au/brisbane-southern-suburbs/cash-for-cars-tarragindi/","200","noindex","https://www.ozicashforcars.com.au/cash-for-cars-brisbane-southern-suburbs/","Existing suburb exclusion; review Search Console evidence before changing","","","","",""
"https://www.ozicashforcars.com.au/brisbane-southern-suburbs/cash-for-cars-tennyson/","200","noindex","https://www.ozicashforcars.com.au/cash-for-cars-brisbane-southern-suburbs/","Existing suburb exclusion; review Search Console evidence before changing","","","","",""
"https://www.ozicashforcars.com.au/brisbane-southern-suburbs/cash-for-cars-upper-mount-gravatt/","200","noindex","https://www.ozicashforcars.com.au/cash-for-cars-brisbane-southern-suburbs/","Existing suburb exclusion; review Search Console evidence before changing","","","","",""
"https://www.ozicashforcars.com.au/brisbane-southern-suburbs/cash-for-cars-wacol/","200","noindex","https://www.ozicashforcars.com.au/cash-for-cars-brisbane-southern-suburbs/","Existing suburb exclusion; review Search Console evidence before changing","","","","",""
"https://www.ozicashforcars.com.au/brisbane-southern-suburbs/cash-for-cars-willawong/","200","noindex","https://www.ozicashforcars.com.au/cash-for-cars-brisbane-southern-suburbs/","Existing suburb exclusion; review Search Console evidence before changing","","","","",""
"https://www.ozicashforcars.com.au/brisbane-southern-suburbs/cash-for-cars-wilston/","200","noindex","https://www.ozicashforcars.com.au/cash-for-cars-brisbane-southern-suburbs/","Existing suburb exclusion; review Search Console evidence before changing","","","","",""
"https://www.ozicashforcars.com.au/brisbane-southern-suburbs/cash-for-cars-windsor/","200","noindex","https://www.ozicashforcars.com.au/cash-for-cars-brisbane-southern-suburbs/","Existing suburb exclusion; review Search Console evidence before changing","","","","",""
"https://www.ozicashforcars.com.au/brisbane-southern-suburbs/cash-for-cars-wishart/","200","noindex","https://www.ozicashforcars.com.au/cash-for-cars-brisbane-southern-suburbs/","Existing suburb exclusion; review Search Console evidence before changing","","","","",""
"https://www.ozicashforcars.com.au/brisbane-southern-suburbs/cash-for-cars-wooloowin/","200","noindex","https://www.ozicashforcars.com.au/cash-for-cars-brisbane-southern-suburbs/","Existing suburb exclusion; review Search Console evidence before changing","","","","",""
"https://www.ozicashforcars.com.au/brisbane-southern-suburbs/cash-for-cars-yeerongpilly/","200","noindex","https://www.ozicashforcars.com.au/cash-for-cars-brisbane-southern-suburbs/","Existing suburb exclusion; review Search Console evidence before changing","","","","",""
"https://www.ozicashforcars.com.au/brisbane-southern-suburbs/cash-for-cars-yeronga/","200","noindex","https://www.ozicashforcars.com.au/cash-for-cars-brisbane-southern-suburbs/","Existing suburb exclusion; review Search Console evidence before changing","","","","",""
"https://www.ozicashforcars.com.au/brisbane-western-suburbs/cash-for-cars-anstead/","200","noindex","https://www.ozicashforcars.com.au/cash-for-cars-brisbane-western-suburbs/","Existing suburb exclusion; review Search Console evidence before changing","","","","",""
"https://www.ozicashforcars.com.au/brisbane-western-suburbs/cash-for-cars-ashgrove/","200","noindex","https://www.ozicashforcars.com.au/cash-for-cars-brisbane-western-suburbs/","Existing suburb exclusion; review Search Console evidence before changing","","","","",""
"https://www.ozicashforcars.com.au/brisbane-western-suburbs/cash-for-cars-auchenflower/","200","noindex","https://www.ozicashforcars.com.au/cash-for-cars-brisbane-western-suburbs/","Existing suburb exclusion; review Search Console evidence before changing","","","","",""
"https://www.ozicashforcars.com.au/brisbane-western-suburbs/cash-for-cars-bardon/","200","noindex","https://www.ozicashforcars.com.au/cash-for-cars-brisbane-western-suburbs/","Existing suburb exclusion; review Search Console evidence before changing","","","","",""
"https://www.ozicashforcars.com.au/brisbane-western-suburbs/cash-for-cars-bellbowrie/","200","noindex","https://www.ozicashforcars.com.au/cash-for-cars-brisbane-western-suburbs/","Existing suburb exclusion; review Search Console evidence before changing","","","","",""
"https://www.ozicashforcars.com.au/brisbane-western-suburbs/cash-for-cars-brookfield/","200","noindex","https://www.ozicashforcars.com.au/cash-for-cars-brisbane-western-suburbs/","Existing suburb exclusion; review Search Console evidence before changing","","","","",""
"https://www.ozicashforcars.com.au/brisbane-western-suburbs/cash-for-cars-chapel-hill/","200","noindex","https://www.ozicashforcars.com.au/cash-for-cars-brisbane-western-suburbs/","Existing suburb exclusion; review Search Console evidence before changing","","","","",""
"https://www.ozicashforcars.com.au/brisbane-western-suburbs/cash-for-cars-chelmer/","200","noindex","https://www.ozicashforcars.com.au/cash-for-cars-brisbane-western-suburbs/","Existing suburb exclusion; review Search Console evidence before changing","","","","",""
"https://www.ozicashforcars.com.au/brisbane-western-suburbs/cash-for-cars-chuwar/","200","noindex","https://www.ozicashforcars.com.au/cash-for-cars-brisbane-western-suburbs/","Existing suburb exclusion; review Search Console evidence before changing","","","","",""
"https://www.ozicashforcars.com.au/brisbane-western-suburbs/cash-for-cars-corinda/","200","noindex","https://www.ozicashforcars.com.au/cash-for-cars-brisbane-western-suburbs/","Existing suburb exclusion; review Search Console evidence before changing","","","","",""
"https://www.ozicashforcars.com.au/brisbane-western-suburbs/cash-for-cars-enoggera-reservoir/","200","noindex","https://www.ozicashforcars.com.au/cash-for-cars-brisbane-western-suburbs/","Existing suburb exclusion; review Search Console evidence before changing","","","","",""
"https://www.ozicashforcars.com.au/brisbane-western-suburbs/cash-for-cars-enoggera/","200","noindex","https://www.ozicashforcars.com.au/cash-for-cars-brisbane-western-suburbs/","Existing suburb exclusion; review Search Console evidence before changing","","","","",""
"https://www.ozicashforcars.com.au/brisbane-western-suburbs/cash-for-cars-ferny-grove/","200","noindex","https://www.ozicashforcars.com.au/cash-for-cars-brisbane-western-suburbs/","Existing suburb exclusion; review Search Console evidence before changing","","","","",""
"https://www.ozicashforcars.com.au/brisbane-western-suburbs/cash-for-cars-fig-tree-pocket/","200","noindex","https://www.ozicashforcars.com.au/cash-for-cars-brisbane-western-suburbs/","Existing suburb exclusion; review Search Console evidence before changing","","","","",""
"https://www.ozicashforcars.com.au/brisbane-western-suburbs/cash-for-cars-graceville/","200","noindex","https://www.ozicashforcars.com.au/cash-for-cars-brisbane-western-suburbs/","Existing suburb exclusion; review Search Console evidence before changing","","","","",""
"https://www.ozicashforcars.com.au/brisbane-western-suburbs/cash-for-cars-indooroopilly/","200","noindex","https://www.ozicashforcars.com.au/cash-for-cars-brisbane-western-suburbs/","Existing suburb exclusion; review Search Console evidence before changing","","","","",""
"https://www.ozicashforcars.com.au/brisbane-western-suburbs/cash-for-cars-jamboree-heights/","200","noindex","https://www.ozicashforcars.com.au/cash-for-cars-brisbane-western-suburbs/","Existing suburb exclusion; review Search Console evidence before changing","","","","",""
"https://www.ozicashforcars.com.au/brisbane-western-suburbs/cash-for-cars-jindalee/","200","noindex","https://www.ozicashforcars.com.au/cash-for-cars-brisbane-western-suburbs/","Existing suburb exclusion; review Search Console evidence before changing","","","","",""
"https://www.ozicashforcars.com.au/brisbane-western-suburbs/cash-for-cars-karana-downs/","200","noindex","https://www.ozicashforcars.com.au/cash-for-cars-brisbane-western-suburbs/","Existing suburb exclusion; review Search Console evidence before changing","","","","",""
"https://www.ozicashforcars.com.au/brisbane-western-suburbs/cash-for-cars-kenmore-hills/","200","noindex","https://www.ozicashforcars.com.au/cash-for-cars-brisbane-western-suburbs/","Existing suburb exclusion; review Search Console evidence before changing","","","","",""
"https://www.ozicashforcars.com.au/brisbane-western-suburbs/cash-for-cars-kenmore/","200","noindex","https://www.ozicashforcars.com.au/cash-for-cars-brisbane-western-suburbs/","Existing suburb exclusion; review Search Console evidence before changing","","","","",""
"https://www.ozicashforcars.com.au/brisbane-western-suburbs/cash-for-cars-kholo/","200","noindex","https://www.ozicashforcars.com.au/cash-for-cars-brisbane-western-suburbs/","Existing suburb exclusion; review Search Console evidence before changing","","","","",""
"https://www.ozicashforcars.com.au/brisbane-western-suburbs/cash-for-cars-lake-manchester/","200","noindex","https://www.ozicashforcars.com.au/cash-for-cars-brisbane-western-suburbs/","Existing suburb exclusion; review Search Console evidence before changing","","","","",""
"https://www.ozicashforcars.com.au/brisbane-western-suburbs/cash-for-cars-middle-park/","200","noindex","https://www.ozicashforcars.com.au/cash-for-cars-brisbane-western-suburbs/","Existing suburb exclusion; review Search Console evidence before changing","","","","",""
"https://www.ozicashforcars.com.au/brisbane-western-suburbs/cash-for-cars-milton/","200","noindex","https://www.ozicashforcars.com.au/cash-for-cars-brisbane-western-suburbs/","Existing suburb exclusion; review Search Console evidence before changing","","","","",""
"https://www.ozicashforcars.com.au/brisbane-western-suburbs/cash-for-cars-moggill/","200","noindex","https://www.ozicashforcars.com.au/cash-for-cars-brisbane-western-suburbs/","Existing suburb exclusion; review Search Console evidence before changing","","","","",""
"https://www.ozicashforcars.com.au/brisbane-western-suburbs/cash-for-cars-mount-coot-tha/","200","noindex","https://www.ozicashforcars.com.au/cash-for-cars-brisbane-western-suburbs/","Existing suburb exclusion; review Search Console evidence before changing","","","","",""
"https://www.ozicashforcars.com.au/brisbane-western-suburbs/cash-for-cars-mount-crosby/","200","noindex","https://www.ozicashforcars.com.au/cash-for-cars-brisbane-western-suburbs/","Existing suburb exclusion; review Search Console evidence before changing","","","","",""
"https://www.ozicashforcars.com.au/brisbane-western-suburbs/cash-for-cars-mount-ommaney/","200","noindex","https://www.ozicashforcars.com.au/cash-for-cars-brisbane-western-suburbs/","Existing suburb exclusion; review Search Console evidence before changing","","","","",""
"https://www.ozicashforcars.com.au/brisbane-western-suburbs/cash-for-cars-oxley/","200","noindex","https://www.ozicashforcars.com.au/cash-for-cars-brisbane-western-suburbs/","Existing suburb exclusion; review Search Console evidence before changing","","","","",""
"https://www.ozicashforcars.com.au/brisbane-western-suburbs/cash-for-cars-pinjarra-hills/","200","noindex","https://www.ozicashforcars.com.au/cash-for-cars-brisbane-western-suburbs/","Existing suburb exclusion; review Search Console evidence before changing","","","","",""
"https://www.ozicashforcars.com.au/brisbane-western-suburbs/cash-for-cars-pullenvale/","200","noindex","https://www.ozicashforcars.com.au/cash-for-cars-brisbane-western-suburbs/","Existing suburb exclusion; review Search Console evidence before changing","","","","",""
"https://www.ozicashforcars.com.au/brisbane-western-suburbs/cash-for-cars-riverhills/","200","noindex","https://www.ozicashforcars.com.au/cash-for-cars-brisbane-western-suburbs/","Existing suburb exclusion; review Search Console evidence before changing","","","","",""
"https://www.ozicashforcars.com.au/car-recycling-brisbane/","200","indexable","https://www.ozicashforcars.com.au/car-recycling-brisbane/","Retain authored indexable page","","","","",""
"https://www.ozicashforcars.com.au/car-removal-brisbane/","200","indexable","https://www.ozicashforcars.com.au/car-removal-brisbane/","Retain authored indexable page","","","","",""
"https://www.ozicashforcars.com.au/cash-for-accident-cars/","200","indexable","https://www.ozicashforcars.com.au/cash-for-accident-cars/","Retain authored indexable page","","","","",""
"https://www.ozicashforcars.com.au/cash-for-cars-brisbane-eastern-suburbs/","200","indexable","https://www.ozicashforcars.com.au/cash-for-cars-brisbane-eastern-suburbs/","Retain authored indexable page","","","","",""
"https://www.ozicashforcars.com.au/cash-for-cars-brisbane-northern-suburbs/","200","indexable","https://www.ozicashforcars.com.au/cash-for-cars-brisbane-northern-suburbs/","Retain authored indexable page","","","","",""
"https://www.ozicashforcars.com.au/cash-for-cars-brisbane-southern-suburbs/","200","indexable","https://www.ozicashforcars.com.au/cash-for-cars-brisbane-southern-suburbs/","Retain authored indexable page","","","","",""
"https://www.ozicashforcars.com.au/cash-for-cars-brisbane-western-suburbs/","200","indexable","https://www.ozicashforcars.com.au/cash-for-cars-brisbane-western-suburbs/","Retain authored indexable page","","","","",""
"https://www.ozicashforcars.com.au/cash-for-cars-gold-coast/","200","indexable","https://www.ozicashforcars.com.au/cash-for-cars-gold-coast/","Retain authored indexable page","","","","",""
"https://www.ozicashforcars.com.au/cash-for-cars-gold-coast/cash-for-cars-advancetown/","200","noindex","https://www.ozicashforcars.com.au/cash-for-cars-gold-coast/","Existing suburb exclusion; review Search Console evidence before changing","","","","",""
"https://www.ozicashforcars.com.au/cash-for-cars-gold-coast/cash-for-cars-alberton/","200","noindex","https://www.ozicashforcars.com.au/cash-for-cars-gold-coast/","Existing suburb exclusion; review Search Console evidence before changing","","","","",""
"https://www.ozicashforcars.com.au/cash-for-cars-gold-coast/cash-for-cars-arundel/","200","noindex","https://www.ozicashforcars.com.au/cash-for-cars-gold-coast/","Existing suburb exclusion; review Search Console evidence before changing","","","","",""
"https://www.ozicashforcars.com.au/cash-for-cars-gold-coast/cash-for-cars-ashmore/","200","noindex","https://www.ozicashforcars.com.au/cash-for-cars-gold-coast/","Existing suburb exclusion; review Search Console evidence before changing","","","","",""
"https://www.ozicashforcars.com.au/cash-for-cars-gold-coast/cash-for-cars-biggera-waters/","200","noindex","https://www.ozicashforcars.com.au/cash-for-cars-gold-coast/","Existing suburb exclusion; review Search Console evidence before changing","","","","",""
"https://www.ozicashforcars.com.au/cash-for-cars-gold-coast/cash-for-cars-bilinga/","200","noindex","https://www.ozicashforcars.com.au/cash-for-cars-gold-coast/","Existing suburb exclusion; review Search Console evidence before changing","","","","",""
"https://www.ozicashforcars.com.au/cash-for-cars-gold-coast/cash-for-cars-bonogin/","200","noindex","https://www.ozicashforcars.com.au/cash-for-cars-gold-coast/","Existing suburb exclusion; review Search Console evidence before changing","","","","",""
"https://www.ozicashforcars.com.au/cash-for-cars-gold-coast/cash-for-cars-maudsland/","200","noindex","https://www.ozicashforcars.com.au/cash-for-cars-gold-coast/","Existing suburb exclusion; review Search Console evidence before changing","","","","",""
"https://www.ozicashforcars.com.au/cash-for-cars-gold-coast/cash-for-cars-mermaid-beach/","200","noindex","https://www.ozicashforcars.com.au/cash-for-cars-gold-coast/","Existing suburb exclusion; review Search Console evidence before changing","","","","",""
"https://www.ozicashforcars.com.au/cash-for-cars-gold-coast/cash-for-cars-mermaid-waters/","200","noindex","https://www.ozicashforcars.com.au/cash-for-cars-gold-coast/","Existing suburb exclusion; review Search Console evidence before changing","","","","",""
"https://www.ozicashforcars.com.au/cash-for-cars-gold-coast/cash-for-cars-merrimac/","200","noindex","https://www.ozicashforcars.com.au/cash-for-cars-gold-coast/","Existing suburb exclusion; review Search Console evidence before changing","","","","",""
"https://www.ozicashforcars.com.au/cash-for-cars-gold-coast/cash-for-cars-miami/","200","noindex","https://www.ozicashforcars.com.au/cash-for-cars-gold-coast/","Existing suburb exclusion; review Search Console evidence before changing","","","","",""
"https://www.ozicashforcars.com.au/cash-for-cars-gold-coast/cash-for-cars-molendinar/","200","noindex","https://www.ozicashforcars.com.au/cash-for-cars-gold-coast/","Existing suburb exclusion; review Search Console evidence before changing","","","","",""
"https://www.ozicashforcars.com.au/cash-for-cars-gold-coast/cash-for-cars-mount-nathan/","200","noindex","https://www.ozicashforcars.com.au/cash-for-cars-gold-coast/","Existing suburb exclusion; review Search Console evidence before changing","","","","",""
"https://www.ozicashforcars.com.au/cash-for-cars-gold-coast/cash-for-cars-mudgeeraba/","200","noindex","https://www.ozicashforcars.com.au/cash-for-cars-gold-coast/","Existing suburb exclusion; review Search Console evidence before changing","","","","",""
"https://www.ozicashforcars.com.au/cash-for-cars-gold-coast/cash-for-cars-natural-bridge/","200","noindex","https://www.ozicashforcars.com.au/cash-for-cars-gold-coast/","Existing suburb exclusion; review Search Console evidence before changing","","","","",""
"https://www.ozicashforcars.com.au/cash-for-cars-gold-coast/cash-for-cars-ormeau/","200","noindex","https://www.ozicashforcars.com.au/cash-for-cars-gold-coast/","Existing suburb exclusion; review Search Console evidence before changing","","","","",""
"https://www.ozicashforcars.com.au/cash-for-cars-logan-city-suburbs/","200","indexable","https://www.ozicashforcars.com.au/cash-for-cars-logan-city-suburbs/","Retain authored indexable page","","","","",""
"https://www.ozicashforcars.com.au/cash-for-cars-sunshine-coast/","200","indexable","https://www.ozicashforcars.com.au/cash-for-cars-sunshine-coast/","Retain authored indexable page","","","","",""
"https://www.ozicashforcars.com.au/cash-for-damaged-cars/","200","indexable","https://www.ozicashforcars.com.au/cash-for-damaged-cars/","Retain authored indexable page","","","","",""
"https://www.ozicashforcars.com.au/cash-for-junk-cars/","200","indexable","https://www.ozicashforcars.com.au/cash-for-junk-cars/","Retain authored indexable page","","","","",""
"https://www.ozicashforcars.com.au/cash-for-old-cars/","200","indexable","https://www.ozicashforcars.com.au/cash-for-old-cars/","Retain authored indexable page","","","","",""
"https://www.ozicashforcars.com.au/cash-for-scrap-cars/","200","indexable","https://www.ozicashforcars.com.au/cash-for-scrap-cars/","Retain authored indexable page","","","","",""
"https://www.ozicashforcars.com.au/cash-for-trucks/","200","indexable","https://www.ozicashforcars.com.au/cash-for-trucks/","Retain authored indexable page","","","","",""
"https://www.ozicashforcars.com.au/cash-for-unwanted-cars/","200","indexable","https://www.ozicashforcars.com.au/cash-for-unwanted-cars/","Retain authored indexable page","","","","",""
"https://www.ozicashforcars.com.au/cash-for-used-cars/","200","indexable","https://www.ozicashforcars.com.au/cash-for-used-cars/","Retain authored indexable page","","","","",""
"https://www.ozicashforcars.com.au/contact-us/","200","indexable","https://www.ozicashforcars.com.au/contact-us/","Retain authored indexable page","","","","",""
"https://www.ozicashforcars.com.au/free-car-removals/","200","indexable","https://www.ozicashforcars.com.au/free-car-removals/","Retain authored indexable page","","","","",""
"https://www.ozicashforcars.com.au/frequently-asked-questions/","200","indexable","https://www.ozicashforcars.com.au/frequently-asked-questions/","Retain authored indexable page","","","","",""
"https://www.ozicashforcars.com.au/junk-car-removals/","200","indexable","https://www.ozicashforcars.com.au/junk-car-removals/","Retain authored indexable page","","","","",""
"https://www.ozicashforcars.com.au/logan-city-suburbs/cash-for-cars-bahrs-scrub/","200","noindex","https://www.ozicashforcars.com.au/cash-for-cars-logan-city-suburbs/","Existing suburb exclusion; review Search Console evidence before changing","","","","",""
"https://www.ozicashforcars.com.au/logan-city-suburbs/cash-for-cars-bannockburn/","200","noindex","https://www.ozicashforcars.com.au/cash-for-cars-logan-city-suburbs/","Existing suburb exclusion; review Search Console evidence before changing","","","","",""
"https://www.ozicashforcars.com.au/logan-city-suburbs/cash-for-cars-beenleigh/","200","noindex","https://www.ozicashforcars.com.au/cash-for-cars-logan-city-suburbs/","Existing suburb exclusion; review Search Console evidence before changing","","","","",""
"https://www.ozicashforcars.com.au/logan-city-suburbs/cash-for-cars-belivah/","200","noindex","https://www.ozicashforcars.com.au/cash-for-cars-logan-city-suburbs/","Existing suburb exclusion; review Search Console evidence before changing","","","","",""
"https://www.ozicashforcars.com.au/logan-city-suburbs/cash-for-cars-berrinba/","200","noindex","https://www.ozicashforcars.com.au/cash-for-cars-logan-city-suburbs/","Existing suburb exclusion; review Search Console evidence before changing","","","","",""
"https://www.ozicashforcars.com.au/logan-city-suburbs/cash-for-cars-bethania/","200","noindex","https://www.ozicashforcars.com.au/cash-for-cars-logan-city-suburbs/","Existing suburb exclusion; review Search Console evidence before changing","","","","",""
"https://www.ozicashforcars.com.au/logan-city-suburbs/cash-for-cars-boronia-heights/","200","noindex","https://www.ozicashforcars.com.au/cash-for-cars-logan-city-suburbs/","Existing suburb exclusion; review Search Console evidence before changing","","","","",""
"https://www.ozicashforcars.com.au/logan-city-suburbs/cash-for-cars-browns-plains/","200","noindex","https://www.ozicashforcars.com.au/cash-for-cars-logan-city-suburbs/","Existing suburb exclusion; review Search Console evidence before changing","","","","",""
"https://www.ozicashforcars.com.au/logan-city-suburbs/cash-for-cars-buccan/","200","noindex","https://www.ozicashforcars.com.au/cash-for-cars-logan-city-suburbs/","Existing suburb exclusion; review Search Console evidence before changing","","","","",""
"https://www.ozicashforcars.com.au/logan-city-suburbs/cash-for-cars-carbrook/","200","noindex","https://www.ozicashforcars.com.au/cash-for-cars-logan-city-suburbs/","Existing suburb exclusion; review Search Console evidence before changing","","","","",""
"https://www.ozicashforcars.com.au/logan-city-suburbs/cash-for-cars-cedar-creek/","200","noindex","https://www.ozicashforcars.com.au/cash-for-cars-logan-city-suburbs/","Existing suburb exclusion; review Search Console evidence before changing","","","","",""
"https://www.ozicashforcars.com.au/logan-city-suburbs/cash-for-cars-cedar-grove/","200","noindex","https://www.ozicashforcars.com.au/cash-for-cars-logan-city-suburbs/","Existing suburb exclusion; review Search Console evidence before changing","","","","",""
"https://www.ozicashforcars.com.au/logan-city-suburbs/cash-for-cars-cedar-vale/","200","noindex","https://www.ozicashforcars.com.au/cash-for-cars-logan-city-suburbs/","Existing suburb exclusion; review Search Console evidence before changing","","","","",""
"https://www.ozicashforcars.com.au/logan-city-suburbs/cash-for-cars-chambers-flat/","200","noindex","https://www.ozicashforcars.com.au/cash-for-cars-logan-city-suburbs/","Existing suburb exclusion; review Search Console evidence before changing","","","","",""
"https://www.ozicashforcars.com.au/logan-city-suburbs/cash-for-cars-cornubia/","200","noindex","https://www.ozicashforcars.com.au/cash-for-cars-logan-city-suburbs/","Existing suburb exclusion; review Search Console evidence before changing","","","","",""
"https://www.ozicashforcars.com.au/logan-city-suburbs/cash-for-cars-crestmead/","200","noindex","https://www.ozicashforcars.com.au/cash-for-cars-logan-city-suburbs/","Existing suburb exclusion; review Search Console evidence before changing","","","","",""
"https://www.ozicashforcars.com.au/logan-city-suburbs/cash-for-cars-daisy-hill/","200","noindex","https://www.ozicashforcars.com.au/cash-for-cars-logan-city-suburbs/","Existing suburb exclusion; review Search Console evidence before changing","","","","",""
"https://www.ozicashforcars.com.au/logan-city-suburbs/cash-for-cars-eagleby/","200","noindex","https://www.ozicashforcars.com.au/cash-for-cars-logan-city-suburbs/","Existing suburb exclusion; review Search Console evidence before changing","","","","",""
"https://www.ozicashforcars.com.au/logan-city-suburbs/cash-for-cars-edens-landing/","200","noindex","https://www.ozicashforcars.com.au/cash-for-cars-logan-city-suburbs/","Existing suburb exclusion; review Search Console evidence before changing","","","","",""
"https://www.ozicashforcars.com.au/logan-city-suburbs/cash-for-cars-forestdale/","200","noindex","https://www.ozicashforcars.com.au/cash-for-cars-logan-city-suburbs/","Existing suburb exclusion; review Search Console evidence before changing","","","","",""
"https://www.ozicashforcars.com.au/logan-city-suburbs/cash-for-cars-greenbank/","200","noindex","https://www.ozicashforcars.com.au/cash-for-cars-logan-city-suburbs/","Existing suburb exclusion; review Search Console evidence before changing","","","","",""
"https://www.ozicashforcars.com.au/logan-city-suburbs/cash-for-cars-heritage-park/","200","noindex","https://www.ozicashforcars.com.au/cash-for-cars-logan-city-suburbs/","Existing suburb exclusion; review Search Console evidence before changing","","","","",""
"https://www.ozicashforcars.com.au/logan-city-suburbs/cash-for-cars-hillcrest/","200","noindex","https://www.ozicashforcars.com.au/cash-for-cars-logan-city-suburbs/","Existing suburb exclusion; review Search Console evidence before changing","","","","",""
"https://www.ozicashforcars.com.au/logan-city-suburbs/cash-for-cars-holmview/","200","noindex","https://www.ozicashforcars.com.au/cash-for-cars-logan-city-suburbs/","Existing suburb exclusion; review Search Console evidence before changing","","","","",""
"https://www.ozicashforcars.com.au/logan-city-suburbs/cash-for-cars-jimboomba/","200","noindex","https://www.ozicashforcars.com.au/cash-for-cars-logan-city-suburbs/","Existing suburb exclusion; review Search Console evidence before changing","","","","",""
"https://www.ozicashforcars.com.au/logan-city-suburbs/cash-for-cars-kagaru/","200","noindex","https://www.ozicashforcars.com.au/cash-for-cars-logan-city-suburbs/","Existing suburb exclusion; review Search Console evidence before changing","","","","",""
"https://www.ozicashforcars.com.au/logan-city-suburbs/cash-for-cars-kingston/","200","noindex","https://www.ozicashforcars.com.au/cash-for-cars-logan-city-suburbs/","Existing suburb exclusion; review Search Console evidence before changing","","","","",""
"https://www.ozicashforcars.com.au/logan-city-suburbs/cash-for-cars-logan-central/","200","noindex","https://www.ozicashforcars.com.au/cash-for-cars-logan-city-suburbs/","Existing suburb exclusion; review Search Console evidence before changing","","","","",""
"https://www.ozicashforcars.com.au/logan-city-suburbs/cash-for-cars-logan-reserve/","200","noindex","https://www.ozicashforcars.com.au/cash-for-cars-logan-city-suburbs/","Existing suburb exclusion; review Search Console evidence before changing","","","","",""
"https://www.ozicashforcars.com.au/logan-city-suburbs/cash-for-cars-logan-village/","200","noindex","https://www.ozicashforcars.com.au/cash-for-cars-logan-city-suburbs/","Existing suburb exclusion; review Search Console evidence before changing","","","","",""
"https://www.ozicashforcars.com.au/logan-city-suburbs/cash-for-cars-loganholme/","200","noindex","https://www.ozicashforcars.com.au/cash-for-cars-logan-city-suburbs/","Existing suburb exclusion; review Search Console evidence before changing","","","","",""
"https://www.ozicashforcars.com.au/logan-city-suburbs/cash-for-cars-loganlea/","200","noindex","https://www.ozicashforcars.com.au/cash-for-cars-logan-city-suburbs/","Existing suburb exclusion; review Search Console evidence before changing","","","","",""
"https://www.ozicashforcars.com.au/logan-city-suburbs/cash-for-cars-lyons/","200","noindex","https://www.ozicashforcars.com.au/cash-for-cars-logan-city-suburbs/","Existing suburb exclusion; review Search Console evidence before changing","","","","",""
"https://www.ozicashforcars.com.au/logan-city-suburbs/cash-for-cars-marsden/","200","noindex","https://www.ozicashforcars.com.au/cash-for-cars-logan-city-suburbs/","Existing suburb exclusion; review Search Console evidence before changing","","","","",""
"https://www.ozicashforcars.com.au/logan-city-suburbs/cash-for-cars-meadowbrook/","200","noindex","https://www.ozicashforcars.com.au/cash-for-cars-logan-city-suburbs/","Existing suburb exclusion; review Search Console evidence before changing","","","","",""
"https://www.ozicashforcars.com.au/logan-city-suburbs/cash-for-cars-mount-warren-park/","200","noindex","https://www.ozicashforcars.com.au/cash-for-cars-logan-city-suburbs/","Existing suburb exclusion; review Search Console evidence before changing","","","","",""
"https://www.ozicashforcars.com.au/logan-city-suburbs/cash-for-cars-mundoolun/","200","noindex","https://www.ozicashforcars.com.au/cash-for-cars-logan-city-suburbs/","Existing suburb exclusion; review Search Console evidence before changing","","","","",""
"https://www.ozicashforcars.com.au/logan-city-suburbs/cash-for-cars-munruben/","200","noindex","https://www.ozicashforcars.com.au/cash-for-cars-logan-city-suburbs/","Existing suburb exclusion; review Search Console evidence before changing","","","","",""
"https://www.ozicashforcars.com.au/logan-city-suburbs/cash-for-cars-new-beith/","200","noindex","https://www.ozicashforcars.com.au/cash-for-cars-logan-city-suburbs/","Existing suburb exclusion; review Search Console evidence before changing","","","","",""
"https://www.ozicashforcars.com.au/logan-city-suburbs/cash-for-cars-north-maclean/","200","noindex","https://www.ozicashforcars.com.au/cash-for-cars-logan-city-suburbs/","Existing suburb exclusion; review Search Console evidence before changing","","","","",""
"https://www.ozicashforcars.com.au/logan-city-suburbs/cash-for-cars-park-ridge-south/","200","noindex","https://www.ozicashforcars.com.au/cash-for-cars-logan-city-suburbs/","Existing suburb exclusion; review Search Console evidence before changing","","","","",""
"https://www.ozicashforcars.com.au/logan-city-suburbs/cash-for-cars-park-ridge/","200","noindex","https://www.ozicashforcars.com.au/cash-for-cars-logan-city-suburbs/","Existing suburb exclusion; review Search Console evidence before changing","","","","",""
"https://www.ozicashforcars.com.au/logan-city-suburbs/cash-for-cars-priestdale/","200","noindex","https://www.ozicashforcars.com.au/cash-for-cars-logan-city-suburbs/","Existing suburb exclusion; review Search Console evidence before changing","","","","",""
"https://www.ozicashforcars.com.au/logan-city-suburbs/cash-for-cars-regents-park/","200","noindex","https://www.ozicashforcars.com.au/cash-for-cars-logan-city-suburbs/","Existing suburb exclusion; review Search Console evidence before changing","","","","",""
"https://www.ozicashforcars.com.au/logan-city-suburbs/cash-for-cars-rochedale-south/","200","noindex","https://www.ozicashforcars.com.au/cash-for-cars-logan-city-suburbs/","Existing suburb exclusion; review Search Console evidence before changing","","","","",""
"https://www.ozicashforcars.com.au/logan-city-suburbs/cash-for-cars-shailer-park-2/","200","noindex","https://www.ozicashforcars.com.au/cash-for-cars-logan-city-suburbs/","Existing suburb exclusion; review Search Console evidence before changing","","","","",""
"https://www.ozicashforcars.com.au/logan-city-suburbs/cash-for-cars-shailer-park/","200","noindex","https://www.ozicashforcars.com.au/cash-for-cars-logan-city-suburbs/","Existing suburb exclusion; review Search Console evidence before changing","","","","",""
"https://www.ozicashforcars.com.au/logan-city-suburbs/cash-for-cars-slacks-creek/","200","noindex","https://www.ozicashforcars.com.au/cash-for-cars-logan-city-suburbs/","Existing suburb exclusion; review Search Console evidence before changing","","","","",""
"https://www.ozicashforcars.com.au/logan-city-suburbs/cash-for-cars-south-maclean/","200","noindex","https://www.ozicashforcars.com.au/cash-for-cars-logan-city-suburbs/","Existing suburb exclusion; review Search Console evidence before changing","","","","",""
"https://www.ozicashforcars.com.au/logan-city-suburbs/cash-for-cars-springwood/","200","noindex","https://www.ozicashforcars.com.au/cash-for-cars-logan-city-suburbs/","Existing suburb exclusion; review Search Console evidence before changing","","","","",""
"https://www.ozicashforcars.com.au/logan-city-suburbs/cash-for-cars-stockleigh/","200","noindex","https://www.ozicashforcars.com.au/cash-for-cars-logan-city-suburbs/","Existing suburb exclusion; review Search Console evidence before changing","","","","",""
"https://www.ozicashforcars.com.au/logan-city-suburbs/cash-for-cars-tamborine/","200","noindex","https://www.ozicashforcars.com.au/cash-for-cars-logan-city-suburbs/","Existing suburb exclusion; review Search Console evidence before changing","","","","",""
"https://www.ozicashforcars.com.au/logan-city-suburbs/cash-for-cars-tanah-merah/","200","noindex","https://www.ozicashforcars.com.au/cash-for-cars-logan-city-suburbs/","Existing suburb exclusion; review Search Console evidence before changing","","","","",""
"https://www.ozicashforcars.com.au/logan-city-suburbs/cash-for-cars-underwood/","200","noindex","https://www.ozicashforcars.com.au/cash-for-cars-logan-city-suburbs/","Existing suburb exclusion; review Search Console evidence before changing","","","","",""
"https://www.ozicashforcars.com.au/logan-city-suburbs/cash-for-cars-undullah/","200","noindex","https://www.ozicashforcars.com.au/cash-for-cars-logan-city-suburbs/","Existing suburb exclusion; review Search Console evidence before changing","","","","",""
"https://www.ozicashforcars.com.au/logan-city-suburbs/cash-for-cars-veresdale-scrub/","200","noindex","https://www.ozicashforcars.com.au/cash-for-cars-logan-city-suburbs/","Existing suburb exclusion; review Search Console evidence before changing","","","","",""
"https://www.ozicashforcars.com.au/logan-city-suburbs/cash-for-cars-veresdale/","200","noindex","https://www.ozicashforcars.com.au/cash-for-cars-logan-city-suburbs/","Existing suburb exclusion; review Search Console evidence before changing","","","","",""
"https://www.ozicashforcars.com.au/logan-city-suburbs/cash-for-cars-waterford-west/","200","noindex","https://www.ozicashforcars.com.au/cash-for-cars-logan-city-suburbs/","Existing suburb exclusion; review Search Console evidence before changing","","","","",""
"https://www.ozicashforcars.com.au/logan-city-suburbs/cash-for-cars-waterford/","200","noindex","https://www.ozicashforcars.com.au/cash-for-cars-logan-city-suburbs/","Existing suburb exclusion; review Search Console evidence before changing","","","","",""
"https://www.ozicashforcars.com.au/logan-city-suburbs/cash-for-cars-windaroo/","200","noindex","https://www.ozicashforcars.com.au/cash-for-cars-logan-city-suburbs/","Existing suburb exclusion; review Search Console evidence before changing","","","","",""
"https://www.ozicashforcars.com.au/logan-city-suburbs/cash-for-cars-wolffdene/","200","noindex","https://www.ozicashforcars.com.au/cash-for-cars-logan-city-suburbs/","Existing suburb exclusion; review Search Console evidence before changing","","","","",""
"https://www.ozicashforcars.com.au/logan-city-suburbs/cash-for-cars-woodhill/","200","noindex","https://www.ozicashforcars.com.au/cash-for-cars-logan-city-suburbs/","Existing suburb exclusion; review Search Console evidence before changing","","","","",""
"https://www.ozicashforcars.com.au/logan-city-suburbs/cash-for-cars-woodridge/","200","noindex","https://www.ozicashforcars.com.au/cash-for-cars-logan-city-suburbs/","Existing suburb exclusion; review Search Console evidence before changing","","","","",""
"https://www.ozicashforcars.com.au/logan-city-suburbs/cash-for-cars-yarrabilba/","200","noindex","https://www.ozicashforcars.com.au/cash-for-cars-logan-city-suburbs/","Existing suburb exclusion; review Search Console evidence before changing","","","","",""
"https://www.ozicashforcars.com.au/old-car-removals/","200","indexable","https://www.ozicashforcars.com.au/old-car-removals/","Retain authored indexable page","","","","",""
"https://www.ozicashforcars.com.au/privacy-policy/","200","indexable","https://www.ozicashforcars.com.au/privacy-policy/","Retain authored indexable page","","","","",""
"https://www.ozicashforcars.com.au/scrap-car-removals/","200","indexable","https://www.ozicashforcars.com.au/scrap-car-removals/","Retain authored indexable page","","","","",""
"https://www.ozicashforcars.com.au/sell-my-car/","200","indexable","https://www.ozicashforcars.com.au/sell-my-car/","Retain authored indexable page","","","","",""
"https://www.ozicashforcars.com.au/sitemap/","200","noindex","https://www.ozicashforcars.com.au/sitemap/","Keep utility/confirmation exclusion","","","","",""
"https://www.ozicashforcars.com.au/testimonials/","200","indexable","https://www.ozicashforcars.com.au/testimonials/","Retain authored indexable page","","","","",""
"https://www.ozicashforcars.com.au/thank-you/","200","noindex","https://www.ozicashforcars.com.au/thank-you/","Keep utility/confirmation exclusion","","","","",""
"https://www.ozicashforcars.com.au/unwanted-car-removals/","200","indexable","https://www.ozicashforcars.com.au/unwanted-car-removals/","Retain authored indexable page","","","","",""
"https://www.ozicashforcars.com.au/unwanted-truck-removals/","200","indexable","https://www.ozicashforcars.com.au/unwanted-truck-removals/","Retain authored indexable page","","","","",""
"https://www.ozicashforcars.com.au/used-car-removals/","200","indexable","https://www.ozicashforcars.com.au/used-car-removals/","Retain authored indexable page","","","","",""
"https://www.ozicashforcars.com.au/useful-links/","200","noindex","https://www.ozicashforcars.com.au/useful-links/","Keep utility/confirmation exclusion","","","","",""
"https://www.ozicashforcars.com.au/vehicles/","200","indexable","https://www.ozicashforcars.com.au/vehicles/","Retain authored indexable page","","","","",""
